flow,bucket,principal,beneficiary,gate,change-authority,source
productive_streaming.v1,founder_royalty,operational-treasury::founder-vault,Founder royalty vault,GATE_MAINNET_BASELINE,"Frozen mechanics per bucket-set version; SAB executes before DAO quorum; policy mutation requires DAO_TIMELOCK once GATE_DAO_POLICY_QUORUM is true","docs/protocols/FEE_BUCKET_IMPLEMENTATION_PLAN.md §1.1.1|§6.1|§6.2; docs/BOS_WALLET_CONTROL_MODEL.md §Governance boundary"
productive_streaming.v1,founder_delta_to_labs,operational-treasury::conxian-labs-wallet,Labs treasury key (founder-decay delta),GATE_MAINNET_BASELINE,"Frozen mechanics per bucket-set version; no ad hoc upward founder changes on active versions","docs/protocols/FEE_BUCKET_IMPLEMENTATION_PLAN.md §1.1.1|§1.1.3"
productive_streaming.v1,ecosystem_reserve,operational-treasury::ecosystem-reserve-vault,Protocol reserve,GATE_MAINNET_BASELINE,"SAB execution pre-quorum; DAO timelock policy control post-quorum","docs/protocols/FEE_BUCKET_IMPLEMENTATION_PLAN.md §1.1.1|§3.2|§6.2; docs/BOS_WALLET_CONTROL_MODEL.md §Governance boundary"
productive_streaming.v1,productive_yield,flow_recipient,Flow-bound worker/beneficiary or LP incentive route,GATE_MAINNET_BASELINE,"Recipient is flow payload input; policy changes follow governance boundary","docs/protocols/FEE_BUCKET_IMPLEMENTATION_PLAN.md §1.1.1|§2.3"
productive_streaming.v2,founder_royalty,operational-treasury::founder-vault,Founder royalty vault (v2 schedule),"GATE_MAINNET_BASELINE + explicit selection of productive_streaming.v2","Frozen mechanics per version; upward founder-rate changes require new version + DAO quorum/timelock","docs/protocols/FEE_BUCKET_IMPLEMENTATION_PLAN.md §1.1.2|§1.1.3|§6.1"
productive_streaming.v2,founder_decay_to_protocol,operational-treasury::ecosystem-reserve-vault,Protocol reserve from founder-decay delta (10%→5%),"GATE_MAINNET_BASELINE + explicit selection of productive_streaming.v2","Same versioned-mechanics governance rule as productive_streaming.v2 family","docs/protocols/FEE_BUCKET_IMPLEMENTATION_PLAN.md §1.1.2"
productive_streaming.v2,founder_delta_to_labs,operational-treasury::conxian-labs-wallet,Labs treasury key from founder-decay delta below 5%,"GATE_MAINNET_BASELINE + explicit selection of productive_streaming.v2","Same versioned-mechanics governance rule as productive_streaming.v2 family","docs/protocols/FEE_BUCKET_IMPLEMENTATION_PLAN.md §1.1.2|§1.1.3"
productive_streaming.v2,ecosystem_reserve_base,operational-treasury::ecosystem-reserve-vault,Protocol reserve base allocation,"GATE_MAINNET_BASELINE + explicit selection of productive_streaming.v2","SAB executes active policy; DAO mutates policy surfaces via timelock post-handoff","docs/protocols/FEE_BUCKET_IMPLEMENTATION_PLAN.md §1.1.2|§6.2"
productive_streaming.v2,productive_yield,flow_recipient,Flow-bound worker/beneficiary or LP incentive route,"GATE_MAINNET_BASELINE + explicit selection of productive_streaming.v2","Recipient binding is payload-defined; governance controls policy changes only","docs/protocols/FEE_BUCKET_IMPLEMENTATION_PLAN.md §1.1.2|§2.3"
captured_protocol_fees.v1.stage_a,referrer_reward,referrer_principal,Referrer,"GATE_PAYOUT_READY_ALEX + referral engine readiness","Gate controls execution readiness; policy and authority follow SAB/DAO governance boundary","docs/protocols/FEE_BUCKET_IMPLEMENTATION_PLAN.md §1.2|§3.1|§3.2; openspec/changes/csf-autonomous-launch/specs/launch-mechanics/spec.md §5-5-5 Referral Engine"
captured_protocol_fees.v1.stage_a,referee_reward,referee_principal,Referee,"GATE_PAYOUT_READY_ALEX + referral engine readiness","Gate controls execution readiness; policy and authority follow SAB/DAO governance boundary","docs/protocols/FEE_BUCKET_IMPLEMENTATION_PLAN.md §1.2|§3.2; openspec/changes/csf-autonomous-launch/specs/launch-mechanics/spec.md §5-5-5 Referral Engine"
captured_protocol_fees.v1.stage_a,protocol_health_lock,operational-treasury::protocol-health-vault,Protocol health reserve,"GATE_MAINNET_BASELINE + policy-toggle(protocol_health_lock_enabled)","Policy toggle is governance-owned; execution remains gate constrained","docs/protocols/FEE_BUCKET_IMPLEMENTATION_PLAN.md §1.2|§3.2|§5.1"
captured_protocol_fees.v1.stage_b,founders_cut,operational-treasury::founder-vault,Founder vault (10 bps carve-out from captured fees),GATE_MAINNET_BASELINE,"Normative founders-cut mechanics; policy mutations require timelocked governance after handoff","openspec/changes/csf-autonomous-launch/specs/launch-mechanics/spec.md §Founder's Cut Fee Logic; docs/protocols/FEE_BUCKET_IMPLEMENTATION_PLAN.md §1.2"
captured_protocol_fees.v1.stage_b,treasury,cxd-treasury::treasury (policy-resolved principal),Protocol reserve / operations,GATE_MAINNET_BASELINE,"Stage B percentages are policy-managed on-chain; authority transitions from SAB execution to DAO timelock policy governance","docs/protocols/FEE_BUCKET_IMPLEMENTATION_PLAN.md §1.2|§2.1|§6.2; docs/BOS_WALLET_CONTROL_MODEL.md §Governance boundary"
captured_protocol_fees.v1.stage_b,buyback,cxd-treasury::buyback (governance-approved-parameter),Buyback route / reserve,GATE_MAINNET_BASELINE,"Policy-controlled destination; concrete principal remains governance-approved-parameter until evidence updates","docs/protocols/FEE_BUCKET_IMPLEMENTATION_PLAN.md §1.2|§2.1"
captured_protocol_fees.v1.stage_b,insurance,cxd-treasury::insurance -> operational-treasury::insurance-vault,Insurance reserve,GATE_MAINNET_BASELINE,"Same governance boundary as Stage B policy rows","docs/protocols/FEE_BUCKET_IMPLEMENTATION_PLAN.md §1.2|§5.1"
captured_protocol_fees.v1.stage_b,bounty,cxd-treasury::bounty -> operational-treasury::bounty-vault,Contributor bounty pool,"Accrual: GATE_MAINNET_BASELINE; payout execution: GATE_PAYOUT_READY_ALEX","Payout execution gate is separate from policy mutation authority","docs/protocols/FEE_BUCKET_IMPLEMENTATION_PLAN.md §1.2|§3.2|§5.1"
captured_protocol_fees.v1.stage_b,grant,cxd-treasury::grant -> operational-treasury::grant-vault,Contributor grant pool,"Accrual: GATE_MAINNET_BASELINE; payout execution: GATE_PAYOUT_READY_ALEX","Payout execution gate is separate from policy mutation authority","docs/protocols/FEE_BUCKET_IMPLEMENTATION_PLAN.md §1.2|§3.2|§5.1"
captured_protocol_fees.v1.stage_b,lp,cxd-treasury::lp -> operational-treasury::lp-incentives-vault,LP incentives route,GATE_MAINNET_BASELINE,"Policy percentages are governance surfaces; execution follows active bucket-set mechanics","docs/protocols/FEE_BUCKET_IMPLEMENTATION_PLAN.md §1.2|§5.1"
captured_protocol_fees.v2,labs_opex,operational-treasury::labs-opex-vault,Labs operator fee allocation,"GATE_OPERATOR_FEE_APPROVED + explicit version bump","Not active in v1; requires explicit governance approval and versioned bucket-set introduction","docs/protocols/FEE_BUCKET_IMPLEMENTATION_PLAN.md §1.2 Labs-owned bucket note|§3.2|§4.2"
